source,target,messageid,messagedt,weekday,,time,recepttype,subject
36,1489,117978,36864.10833,36864.10833,50,42,to,New MSC Committee Report
36,253,117978,36864.10833,36864.10833,50,42,to,New MSC Committee Report
36,37,117978,36864.10833,36864.10833,50,42,to,New MSC Committee Report
36,801,117978,36864.10833,36864.10833,50,42,to,New MSC Committee Report
36,17095,117978,36864.10833,36864.10833,50,42,to,New MSC Committee Report
36,181,117978,36864.10833,36864.10833,50,42,cc,New MSC Committee Report
