source,target,messageid,messagedt,weekday,,time,recepttype,subject
1490,181,113953,36439.28056,36439.28056,41,4,to,Madera Ranch Press Release
1490,801,113953,36439.28056,36439.28056,41,4,to,Madera Ranch Press Release
1490,253,113953,36439.28056,36439.28056,41,4,to,Madera Ranch Press Release
1490,28654,113953,36439.28056,36439.28056,41,4,to,Madera Ranch Press Release
1490,8546,113953,36439.28056,36439.28056,41,4,to,Madera Ranch Press Release
1490,817,113953,36439.28056,36439.28056,41,4,cc,Madera Ranch Press Release
