source,target,messageid,messagedt,weekday,,time,recepttype,subject
1490,2157,173249,36409.29583,36409.29583,37,2,to,Monthly Billing - Detail Class 845 / s100061.xls
1490,2217,173255,36413.25417,36413.25417,37,2,to,Commission Meetings
1490,1463,173255,36413.25417,36413.25417,37,2,to,Commission Meetings
1490,15283,173258,36413.26528,36413.26528,37,2,to,Speech to the British Institute of Energy Economists
