source,target,messageid,messagedt,weekday,,time,recepttype,subject
17095,36,253654,36879.32222,36879.32222,52,44,to,Wolak's report
17095,37,253654,36879.32222,36879.32222,52,44,cc,Wolak's report
17095,1489,253654,36879.32222,36879.32222,52,44,cc,Wolak's report
4135,266,151943,36881.40903,36881.40903,52,44,to,PRIVILEGED & CONFIDENTIAL ATTORNEY-CLIENT COMMUNICATION
