source,target,messageid,messagedt,weekday,,time,recepttype,subject
1490,1547,173768,36724.3625,36724.3625,30,23,to,Re: Wimbledon update
1490,9313,173771,36724.37569,36724.37569,30,23,to,Re: Stand-alone Reliability Legislation
1490,1474,173771,36724.37569,36724.37569,30,23,cc,Re: Stand-alone Reliability Legislation
1490,817,173771,36724.37569,36724.37569,30,23,cc,Re: Stand-alone Reliability Legislation
1490,9825,173771,36724.37569,36724.37569,30,23,cc,Re: Stand-alone Reliability Legislation
1490,51444,173771,36724.37569,36724.37569,30,23,cc,Re: Stand-alone Reliability Legislation
1490,9311,173771,36724.37569,36724.37569,30,23,cc,Re: Stand-alone Reliability Legislation
1490,65058,173771,36724.37569,36724.37569,30,23,cc,Re: Stand-alone Reliability Legislation
1490,2205,173771,36724.37569,36724.37569,30,23,cc,Re: Stand-alone Reliability Legislation
1490,5475,173774,36725.27708,36725.27708,30,23,to,Bloomberg story
1490,1547,173774,36725.27708,36725.27708,30,23,cc,Bloomberg story
1490,4112,173775,36725.27986,36725.27986,30,23,to,
1490,65068,173778,36725.35625,36725.35625,30,23,to,Re: ORG CHART
1490,2214,173789,36726.08542,36726.08542,30,23,to,Re: BLM/Forest Service Right-of-Way Update
1490,28729,173789,36726.08542,36726.08542,30,23,to,Re: BLM/Forest Service Right-of-Way Update
1490,9313,173793,36726.21944,36726.21944,30,23,to,Re: Mtg w/Bob Gee
1490,813,173796,36726.41181,36726.41181,30,23,to,Re: Merger on FERC's Agenda
1490,5126,173797,36726.43125,36726.43125,30,23,to,Transredes spill
1490,4942,173797,36726.43125,36726.43125,30,23,to,Transredes spill
1490,2326,173800,36726.66319,36726.66319,30,23,to,Re: Interview Request
1490,1489,173802,36726.67361,36726.67361,30,23,to,recent developments
1490,2157,173802,36726.67361,36726.67361,30,23,cc,recent developments
1490,9313,173804,36726.81806,36726.81806,30,23,to,
1490,817,173804,36726.81806,36726.81806,30,23,to,
1490,1489,173804,36726.81806,36726.81806,30,23,to,
1490,1474,173804,36726.81806,36726.81806,30,23,to,
1490,813,173804,36726.81806,36726.81806,30,23,to,
1490,9825,173804,36726.81806,36726.81806,30,23,to,
1490,51444,173804,36726.81806,36726.81806,30,23,to,
1490,9313,173819,36728.18194,36728.18194,30,23,to,Re: Hearing
